000_sein_bin_bist_ist_ist_ist_sind_seid_sind_sind
010_haben_habe_hast_hat_hat_hat_haben_habt_haben_haben
040_dürfen_darf_darfst_darf_darf_darf_dürfen_dürft_dürfen_dürfen
040_können_kann_kannst_kann_kann_kann_können_könnt_können_können
040_mögen_mag_magst_mag_mag_mag_mögen_mögt_mögen_mögen
040_müssen_muss_musst_muss_muss_muss_müssen_müsst_müssen_müssen
040_sollen_soll_sollst_soll_soll_soll_sollen_sollt_sollen_sollen
110_brauchen
040_wollen_will_willst_will_will_will_wollen_wollt_wollen_wollen
010_mögen_mag_magst_mag_mag_mag_mögen_mögt_mögen_mögen
040_müssen_muss_musst_muss_muss_muss_müssen_müsst_müssen_müssen
110_kaufen
110_bilden
210_ankommen_kommen_an
140_lernen
110_fliegen
110_programmieren
110_arbeiten
111_versuchen
110_machen
100_?????
010_geben_gebe_gibst_gibt_gibt_gibt_geben_gebt_geben_geben
110_dauern
110_fliegen